firstname,lastname,position,organization,phone,fax,email,personalemail,address,city,state,zip,orgtype,mission_area
Sherry,James,Fitness centre manager,Terry-Schmidt,(530) 198-4459,(797) 505-1658,Sherry.James@dixon-alexander.com,,26614 Carlos Mews,Thompsonmouth,Missouri,01067,sand,TCD-T
Marcus,Smith,Software engineer,Pearson-Richardson,(343) 660-4189,,Marcus.Smith@sanders-richmond.com,,364 Joseph Ramp,East Matthew,North Carolina,70359,teal,ADAH-
Shannon,Horton,Psychotherapist,"Smith, Fisher and Suarez",(060) 354-3073,(334) 437-9732,Shannon.Horton@davis.com,Shannon.Horton@davis.com.smil.mil,4139 Gillespie Pine,South Christopherbury,Colorado,87434,green,CFWA
Alexandra,Solis,Network engineer,Johnson-Manning,(248) 448-0614,(977) 413-4973,Alexandra.Solis@lewis.com,,6117 Kimberly Shores,Williamside,Texas,37479,sand,LWT-BRWC
Kimberly,Garrett,Travel agency manager,Sherman Ltd,(982) 302-5877,,Kimberly.Garrett@clark-davis.com,,6637 Joshua Gardens,North Michaelside,Wyoming,05532,green,GO-LW
Jasmine,Waters,Newspaper journalist,Garcia-Chavez,(775) 289-6171,,Jasmine.Waters@hunt.biz,,3923 Pamela Forks,Russellborough,Kansas,33015,teal,TSNH-MUT
Jonathon,Collins,Planning and development surveyor,Christian-Lee,(409) 265-2240,,Jonathon.Collins@crawford.com,Jonathon.Collins@crawford.com.smil.mil,36202 Chapman Squares,Port Chelseafort,Texas,77631,aqua,CFWA
Laura,Clay,Veterinary surgeon,"English, Archer and Powell",(132) 351-3561,(814) 597-5532,Laura.Clay@gordon-roberts.info,,615 Scott Dale,Davidshire,South Dakota,38389,teal,GLB
Sarah,Barnes,Arts development officer,"Flores, Huerta and Pierce",(569) 299-9315,(244) 769-9062,Sarah.Barnes@atkins.net,,5786 Leach Isle,Markchester,Michigan,45356,sand,ADAH-
Keith,Martin,"Presenter, broadcasting",Hammond PLC,(243) 328-8217,,Keith.Martin@conner.com,,72795 Beard Row,New Jason,Vermont,10231,blue,GLB
Richard,Robinson,Operational researcher,Smith LLC,(511) 659-9251,,Richard.Robinson@swanson-thompson.net,,22286 Sara Mill,Joneston,Indiana,08521,green,CFWA
Amy,Martinez,Armed forces logistics/support/administrative officer,Reed PLC,(416) 919-6322,,Amy.Martinez@grant.com,,54143 Daniel Trafficway,New Cameronland,Hawaii,63196,aqua,ADAH-
James,Pineda,Clothing/textile technologist,"Garner, Wright and Wagner",(173) 242-4539,,James.Pineda@johnson-davis.com,,127 Mary Brook,South Jacktown,North Dakota,74073,aqua,GO-LW
Jeffrey,Smith,"Producer, television/film/video","Martinez, Schneider and Roach",(173) 565-4937,(442) 620-3163,Jeffrey.Smith@oliver-lindsey.info,Jeffrey.Smith@oliver-lindsey.info.smil.mil,52140 Coleman Vista,Lake Charlesmouth,West Virginia,19744,teal,TCD-T
Pamela,Garcia,Music tutor,Manning Ltd,(519) 581-9078,,Pamela.Garcia@hernandez.biz,,14496 Jennifer Road,Fordport,Alaska,77531,red,GO-LW
Emily,Stein,Paramedic,Watts-Robertson,(709) 495-5183,,Emily.Stein@sparks.org,,516 Harding Islands,East Jamesstad,Connecticut,96670,blue,LWT-BRWC
Benjamin,Sims,Records manager,"Bauer, Simmons and Martinez",(613) 281-9511,(069) 377-1883,Benjamin.Sims@porter.info,,51886 Jeanne Center,East Tyler,Texas,62794,teal,TCD-T
Audrey,Prince,Publishing rights manager,Shannon-Anderson,(255) 743-5779,,Audrey.Prince@sanchez.com,,3466 James Valleys,New Antonioport,Michigan,01500,aqua,LWT-BRWC
Raymond,James,Veterinary surgeon,"Ward, Burton and Curry",(046) 838-5464,(875) 961-4679,Raymond.James@perry.net,,378 Williams Port,East Mariafurt,Nebraska,00946,green,TCD-T
Anthony,Mitchell,Architectural technologist,Campos-Robles,(564) 465-8354,,Anthony.Mitchell@mata-stanley.com,,62578 Acevedo Shore,Ronaldhaven,Rhode Island,34557,yellow,CFWA
Jennifer,Hines,Retail banker,"Morales, Allen and Torres",(044) 746-2167,,Jennifer.Hines@hensley.org,,37497 Mayo Prairie,Lake Matthewside,Kentucky,43916,green,LWT-BRWC
Justin,Kelly,Adult guidance worker,Long-Saunders,(005) 966-0400,,Justin.Kelly@reyes.biz,,0895 Smith Plains,Port Michelleview,Louisiana,22248,teal,CFWA
David,Harmon,Human resources officer,Rodriguez-Gates,(428) 967-6303,,David.Harmon@keller.com,David.Harmon@keller.com.smil.mil,167 Patton Cliffs,South Christopher,Connecticut,61960,red,GLB
Jeffery,King,Printmaker,Osborne and Sons,(380) 288-1929,,Jeffery.King@delgado-allen.com,,12499 Freeman Trail,North Cherylchester,Iowa,84231,yellow,TSNH-MUT
Daniel,Brown,Herbalist,"Archer, Burnett and Martin",(816) 328-9630,,Daniel.Brown@meadows-jones.info,,058 Thomas Stravenue,Morrisland,Missouri,63423,sand,CFWA
Margaret,Holland,IT trainer,Ortiz-Chang,(502) 115-4481,,Margaret.Holland@riley-mccullough.net,,6944 Shannon Mountains,Steveport,North Dakota,26222,yellow,ADAH-
Vincent,Weiss,"Solicitor, Scotland",Meyer-Martin,(688) 698-2998,,Vincent.Weiss@young-wallace.biz,Vincent.Weiss@young-wallace.biz.smil.mil,08167 Jerome Walks,Jenniferland,Arizona,24730,teal,TCD-T
Adrian,Marshall,"Pharmacist, community",Macias and Sons,(944) 543-2958,,Adrian.Marshall@anderson-spence.com,,1751 Hart Causeway,Velezberg,Maine,15868,sand,TSNH-MUT
Robert,Simpson,Transport planner,Miller Group,(034) 359-6665,(708) 332-7952,Robert.Simpson@carney.com,,3707 Helen Trace,Gibbsstad,Illinois,83505,green,TSNH-MUT
Julie,Fuller,Energy manager,Shelton Inc,(550) 863-5294,(790) 551-8296,Julie.Fuller@edwards.org,Julie.Fuller@edwards.org.smil.mil,3868 Strong Greens,Nicoleburgh,Virginia,62334,green,TSNH-MUT
Andres,Foster,Professor Emeritus,Norris-Fletcher,(490) 963-1264,(358) 879-5257,Andres.Foster@barnes.com,,416 Phillip Brook,Rhondaberg,Kansas,11992,yellow,TSNH-MUT
Daniel,Turner,Film/video editor,Gonzales-King,(944) 840-2656,,Daniel.Turner@thomas.com,,2466 Jeffrey Passage,Joseborough,Montana,70311,red,TSNH-MUT
Stephen,Kim,Speech and language therapist,Thomas-Black,(543) 763-8678,(784) 876-2815,Stephen.Kim@evans.org,,1985 Taylor Throughway,Brookeview,Indiana,68507,aqua,CFWA
Joshua,Howard,Chartered certified accountant,Frost Inc,(349) 768-9869,,Joshua.Howard@turner.info,,6023 Nguyen Plain,Armstrongburgh,North Dakota,40823,yellow,LWT-BRWC
April,Burns,Horticultural therapist,"Miller, Oliver and Greene",(269) 523-2415,,April.Burns@cohen.org,,5396 Harris Overpass,Jamesville,Alaska,15680,green,CFWA
Michael,Wilson,Higher education careers adviser,"Walton, Collins and Gardner",(633) 073-8307,,Michael.Wilson@powers.biz,,90175 Vanessa Views,Murphystad,South Dakota,46263,teal,CFWA
James,Rios,Television/film/video producer,Anderson Ltd,(356) 722-0059,(721) 566-5783,James.Rios@gibson.info,,2584 Jenkins Mountains,Adamsshire,Missouri,00575,teal,CFWA
Tammy,Orozco,Press sub,"Harrington, Case and Fowler",(033) 691-5828,,Tammy.Orozco@cooke.com,,2049 Randall Tunnel,East Carmentown,Georgia,26716,green,TSNH-MUT
Emily,Pacheco,"Geologist, wellsite",Clark-Flores,(133) 371-4234,(727) 034-6751,Emily.Pacheco@mullins-harding.biz,,6049 Michael Corner,Andrewville,Minnesota,67088,sand,CFWA
Jeanne,Clark,"Scientist, water quality",Carlson-Nunez,(609) 001-4157,,Jeanne.Clark@bennett.com,,600 Leslie Mountains,North Robert,Colorado,55071,sand,GLB
Kurt,Salazar,Manufacturing engineer,Gonzales-Rogers,(495) 774-2185,(943) 118-2836,Kurt.Salazar@smith.biz,Kurt.Salazar@smith.biz.smil.mil,04961 Lisa Via,Reneestad,Minnesota,73493,yellow,GO-LW
Joshua,Charles,Best boy,Mccormick Group,(567) 602-5471,(562) 141-1692,Joshua.Charles@rose-cardenas.com,,30727 Kayla Trail,Marshland,Idaho,91601,blue,GO-LW
Destiny,Weber,Politician's assistant,Nguyen Group,(029) 080-6727,,Destiny.Weber@warren-jackson.com,,323 Theresa Lock,Alexandriatown,Utah,12289,blue,TCD-T
Natalie,Jones,Sports administrator,Lewis Group,(059) 676-3464,,Natalie.Jones@harper.net,,4762 Carney Viaduct,Rachelhaven,Idaho,68779,blue,GO-LW
Michael,Coleman,Research scientist (medical),White-Tucker,(223) 875-0150,(773) 964-5853,Michael.Coleman@rodriguez.com,,113 Huang Plains,New Cassandraborough,Washington,43063,aqua,ADAH-
Kayla,Stone,"Surveyor, hydrographic",Ball Ltd,(488) 554-0730,,Kayla.Stone@hill.com,,46821 Christopher Street,Keithfurt,Wyoming,33127,yellow,TCD-T
Mason,Palmer,"Teacher, adult education",Harrington-Diaz,(804) 190-0444,,Mason.Palmer@powell-bryan.info,,95679 Nicholas Neck,Ortizburgh,Utah,41421,green,TSNH-MUT
Steven,Figueroa,Speech and language therapist,Pitts and Sons,(797) 988-7915,(118) 032-9475,Steven.Figueroa@galloway.com,,171 Soto Inlet,West Leslie,Rhode Island,84927,aqua,ADAH-
Ruben,Crawford,"Engineer, maintenance",Stuart Group,(365) 513-4785,,Ruben.Crawford@mclaughlin-aguilar.com,,94691 Carol Lodge,Lake Ann,Ohio,19676,green,GO-LW
Susan,Terry,Leisure centre manager,Price PLC,(006) 464-4368,,Susan.Terry@serrano.com,Susan.Terry@serrano.com.smil.mil,228 Mitchell Shore,Port David,Wyoming,02574,teal,TSNH-MUT
Mark,Preston,Immigration officer,Flynn-Howell,(833) 885-9075,(413) 973-6447,Mark.Preston@daniels-boyd.com,,9443 Danielle Estates,New Rodney,North Carolina,07666,aqua,TSNH-MUT
Tammy,Campbell,"Engineer, production",Mcgee Group,(697) 437-7636,,Tammy.Campbell@middleton-harris.info,,0477 Sims Ways,South Mirandafort,Texas,72787,sand,ADAH-
Tiffany,Pope,"Designer, multimedia",Wilson Inc,(677) 898-9322,,Tiffany.Pope@robinson.info,Tiffany.Pope@robinson.info.smil.mil,45026 Kline Ford,Hodgesmouth,West Virginia,58330,teal,TCD-T
Jeremy,Bowman,Contracting civil engineer,Allen Inc,(296) 367-7299,,Jeremy.Bowman@anderson.net,,3169 Maria Lane,Markbury,Virginia,18265,blue,GLB
Jennifer,Hayes,"Therapist, speech and language",Nguyen-Johnson,(761) 580-5751,,Jennifer.Hayes@reyes.com,,437 Jeffrey Station,North Colton,Illinois,45186,green,GLB
Amber,Silva,Leisure centre manager,Santiago Inc,(471) 376-4757,(012) 406-3568,Amber.Silva@perkins.com,,64715 Rojas Union,Singhfurt,Montana,73308,teal,LWT-BRWC
Charlotte,Silva,Armed forces technical officer,Scott Inc,(300) 346-1064,,Charlotte.Silva@stephenson.com,,9027 Christine Cliffs,North Dianamouth,Virginia,34522,green,CFWA
Nicholas,Lopez,Commercial horticulturist,"Gomez, Barr and Bell",(292) 882-3075,,Nicholas.Lopez@edwards-turner.com,,766 Pruitt Lights,New Stephanie,Florida,79496,red,ADAH-
Karen,Anderson,IT trainer,"Hobbs, Elliott and Peck",(444) 776-2354,,Karen.Anderson@hernandez.info,,449 Joel Drive,East Heatherburgh,Maine,81349,aqua,ADAH-
Laura,Flynn,Tourism officer,Martinez Group,(322) 541-8780,(618) 678-3159,Laura.Flynn@smith-choi.com,,32545 Lance Island,Port Zachary,North Dakota,64962,yellow,TSNH-MUT
Misty,Chandler,"Chemist, analytical","Herring, Davenport and Robinson",(549) 238-3547,,Misty.Chandler@morgan.net,,57495 Guzman Mountains,East Jennifer,Louisiana,33679,yellow,TSNH-MUT
Jenny,Horne,"Administrator, education",Hull Group,(609) 438-2420,(740) 473-2839,Jenny.Horne@hendricks.biz,,39869 Bryan Estates,Jonesville,Maine,69424,aqua,GLB
Rebecca,Nelson,"Therapist, art",Phillips Inc,(433) 298-5439,(831) 828-4042,Rebecca.Nelson@mcdonald.com,Rebecca.Nelson@mcdonald.com.smil.mil,91293 Roman Villages,Debrabury,Hawaii,68339,teal,LWT-BRWC
Tonya,Cooper,Financial risk analyst,Jenkins-Garcia,(547) 240-8764,,Tonya.Cooper@nguyen.com,,850 Karen Coves,New Williammouth,California,33955,sand,TCD-T
Katherine,Zimmerman,"Exhibitions officer, museum/gallery",Wright and Sons,(082) 074-4959,(505) 789-7210,Katherine.Zimmerman@barnes-webb.com,,9989 Henry Forest,Michaelborough,Idaho,71117,blue,CFWA
Kenneth,Whitaker,"Designer, ceramics/pottery",Ellis Group,(581) 338-4057,(537) 420-5368,Kenneth.Whitaker@mendez-hernandez.biz,,3346 Keller Forge,Gonzalezview,Indiana,68899,green,CFWA
Joshua,Bowman,Public house manager,Jones-Pratt,(406) 911-4922,,Joshua.Bowman@chan.com,,67172 Vaughn Locks,Lake Kimberly,Massachusetts,79907,green,GO-LW
Holly,Reed,Tax inspector,Estes-Michael,(943) 961-1302,,Holly.Reed@macdonald.com,,2487 Wu Mills,West Marilyn,Maine,22328,sand,TSNH-MUT
Nicole,Glenn,Hydrogeologist,Richard Inc,(682) 488-6030,(253) 518-6336,Nicole.Glenn@simon.info,,4494 Hines Branch,East Charlestown,Florida,49732,aqua,GO-LW
Sarah,Walter,English as a foreign language teacher,Smith LLC,(726) 107-3251,(274) 537-5257,Sarah.Walter@schaefer-ritter.com,,63904 David Alley,East Melissaport,Kansas,72274,yellow,CFWA
Raymond,Richards,"Geologist, wellsite",Stokes LLC,(945) 712-1301,,Raymond.Richards@aguilar.com,Raymond.Richards@aguilar.com.smil.mil,8003 Fisher Isle,Smithtown,Hawaii,69000,yellow,TSNH-MUT
Maria,Woodward,Hotel manager,Rios LLC,(287) 722-4682,,Maria.Woodward@walker.com,,6362 Cox Trail,Katherineberg,Arizona,90499,blue,TSNH-MUT
Keith,Thomas,Medical sales representative,"Calderon, Collins and Morris",(203) 996-2039,,Keith.Thomas@patel.org,,6849 Dawson Well,South Adrian,Wisconsin,76919,aqua,GO-LW
Cassie,Hill,"Engineer, building services",Cox-Hanson,(999) 723-0445,,Cassie.Hill@michael.biz,Cassie.Hill@michael.biz.smil.mil,3605 Michael Union,Port Brianfurt,Kansas,31376,sand,GO-LW
Duane,Phillips,Chief of Staff,"Gaines, Reynolds and Conway",(366) 849-2453,,Duane.Phillips@wheeler.com,,82008 Reyes Mission,Jenniferburgh,Tennessee,74091,blue,TCD-T
Jessica,Stevens,Veterinary surgeon,"Smith, Cook and Hall",(601) 306-4416,,Jessica.Stevens@morton.info,,294 Michael Park,Josephfurt,Pennsylvania,15966,blue,GO-LW
Patrick,Perry,Fast food restaurant manager,Reyes-Lewis,(295) 773-9818,,Patrick.Perry@fisher-williams.biz,,89773 Ruben Flat,East Dana,Florida,81478,blue,GLB
Paul,Taylor,Physiological scientist,"Daniels, Campos and Hansen",(379) 393-2753,,Paul.Taylor@reed.com,,869 Lewis Fort,Morristown,Maryland,33946,yellow,TCD-T
Peggy,Bennett,Public relations officer,Hinton-Abbott,(258) 957-8973,,Peggy.Bennett@flores.net,,8435 Chad Squares,Aaronside,North Dakota,95564,aqua,LWT-BRWC
Linda,Silva,Chief Strategy Officer,Willis PLC,(895) 202-8237,,Linda.Silva@liu.com,,377 Robert Plains,Torresfurt,California,93023,green,GLB
Deanna,Murphy,Medical laboratory scientific officer,Taylor-Robles,(570) 363-7386,,Deanna.Murphy@parsons.net,,7312 Brian Rapid,South Joseph,Iowa,43157,yellow,CFWA
Catherine,Lopez,"Investment banker, operational","Martin, Johnson and Potter",(286) 817-0916,(355) 209-0104,Catherine.Lopez@eaton-rogers.com,,037 Martin Lane,Port Sarahburgh,Vermont,75031,teal,TCD-T
Amanda,Edwards,Water quality scientist,Williams Inc,(165) 005-4106,,Amanda.Edwards@stafford-hernandez.com,,4173 Wright Coves,Aliciafort,South Dakota,05076,teal,LWT-BRWC
Victoria,Dickson,Chief Technology Officer,"Gaines, Mitchell and Walker",(495) 232-2268,,Victoria.Dickson@torres.com,,9989 Anderson Isle,East Laura,Illinois,51917,sand,GLB
Jennifer,Logan,"Designer, fashion/clothing",Stone LLC,(771) 887-8248,,Jennifer.Logan@carter.com,,4365 Emily Mission,Kristinamouth,Illinois,54306,red,GO-LW
Wesley,Flores,Quarry manager,Nash-Padilla,(117) 185-6163,,Wesley.Flores@mclean.org,,743 Kane Cape,Mcdonaldfort,Georgia,09813,sand,GLB
Ethan,Johnson,Claims inspector/assessor,"Gomez, Henry and Mueller",(374) 888-8993,,Ethan.Johnson@jordan.biz,,92997 Williams Rapids,Pruittview,New York,85804,sand,GLB
Lisa,Alvarado,Company secretary,Werner-Brown,(984) 472-9359,(124) 250-8712,Lisa.Alvarado@huynh.com,,46759 Cohen Highway,Shawnshire,Oregon,57151,teal,GO-LW
Joseph,Mason,Information systems manager,Maldonado Ltd,(113) 073-4445,(385) 527-5134,Joseph.Mason@hudson-long.biz,,33241 Smith Prairie,Jennifershire,North Dakota,09837,yellow,GLB
Nicholas,Smith,Broadcast presenter,"Hernandez, Young and Miller",(042) 213-6036,,Nicholas.Smith@esparza-powell.info,,79451 Stacey Underpass,Blakeside,Oklahoma,30915,teal,GO-LW
Kevin,Hughes,Copy,"Newton, Chan and Walker",(695) 829-3998,,Kevin.Hughes@higgins.info,,526 Mayer Extension,Port Juanfort,Missouri,41914,teal,GO-LW
Michael,Mccormick,"Therapist, drama",Fuller Group,(554) 960-4977,(555) 909-3401,Michael.Mccormick@evans.com,,156 Elizabeth Lake,South Eric,North Dakota,15952,blue,TSNH-MUT
Jeffrey,Manning,"Designer, industrial/product","Cardenas, Larson and Marshall",(376) 012-6159,,Jeffrey.Manning@valdez-castillo.com,,55056 Angela Club,Kristyside,West Virginia,33999,yellow,CFWA
Amber,Nguyen,"Engineer, site","Roberts, Mcpherson and Kennedy",(717) 391-9843,,Amber.Nguyen@benton.com,,403 Stephanie Lights,Larsonview,Idaho,67701,aqua,TSNH-MUT
Jonathan,Nolan,Musician,Solis PLC,(119) 699-5099,,Jonathan.Nolan@lloyd-curtis.com,,5755 Greene Track,West Randallhaven,Idaho,07392,red,GLB
Adriana,Mitchell,Contracting civil engineer,Johnson Inc,(017) 054-5553,,Adriana.Mitchell@williams.com,,007 Willis Fall,Brentville,North Carolina,73270,sand,LWT-BRWC
Jasmine,Wilson,Metallurgist,"Garcia, Curtis and Freeman",(904) 088-0601,,Jasmine.Wilson@baker.org,,3899 Douglas Branch,Costaburgh,Illinois,01708,green,TSNH-MUT
Jacqueline,Wagner,Product/process development scientist,Mckinney Ltd,(304) 405-4189,,Jacqueline.Wagner@preston.com,,024 Ferrell Cove,New Tracichester,Alabama,67350,yellow,TCD-T
Marisa,Floyd,Medical sales representative,"Johnson, Sanchez and Wells",(686) 932-6410,,Marisa.Floyd@phillips.com,,2576 Richard Fall,Morganview,Florida,39380,blue,LWT-BRWC
Elizabeth,Caldwell,"Teacher, early years/pre",Wong-Frederick,(422) 621-2362,,Elizabeth.Caldwell@rice.com,,4103 Smith Islands,South Francisco,Idaho,77870,sand,LWT-BRWC
Ashley,Gibson,Furniture conservator/restorer,Reynolds-Miles,(739) 741-5047,(224) 341-8954,Ashley.Gibson@barker-fernandez.biz,,16227 Erica Locks,New Judith,Iowa,64160,aqua,GLB
Kathryn,Moon,Electronics engineer,Brooks PLC,(508) 782-2481,,Kathryn.Moon@soto.org,,30634 Anderson Stravenue,Mitchellton,South Dakota,48398,green,TCD-T
Christopher,Frye,"Programmer, multimedia",Stevens Inc,(919) 075-7131,,Christopher.Frye@allen-hawkins.biz,Christopher.Frye@allen-hawkins.biz.smil.mil,469 Walker Stream,Ayalaton,Maine,27584,aqua,GLB
James,Garcia,Geophysicist/field seismologist,Tran PLC,(211) 626-4174,,James.Garcia@miller-campbell.org,,536 Walker Mission,Kyleland,Georgia,50434,sand,GO-LW
Alexander,Sparks,Media buyer,"Hoover, Webb and Harris",(434) 802-6843,,Alexander.Sparks@adkins.info,,383 Brenda Stream,Morganside,Ohio,52803,green,GO-LW
Angela,Cobb,Social researcher,Ross LLC,(352) 282-7211,(290) 806-5121,Angela.Cobb@richardson.net,,73570 Ashley Walks,Kerrton,Massachusetts,26275,aqua,TSNH-MUT
Corey,Stone,Manufacturing systems engineer,Mccoy Inc,(567) 154-1919,,Corey.Stone@lynch.com,,0426 Sanchez Burg,Adamfurt,California,77022,teal,GO-LW
Matthew,Reynolds,Operational investment banker,"Anderson, Chen and Navarro",(771) 871-7439,,Matthew.Reynolds@juarez.org,,06775 Martinez Port,Lake Allenstad,Idaho,67311,green,GLB
Evan,Bell,Bonds trader,French-Perkins,(429) 551-2210,(180) 032-2322,Evan.Bell@jackson.org,,971 Richards Fields,West Michele,Wisconsin,59552,sand,LWT-BRWC
Scott,Avila,Actor,Moore PLC,(906) 552-7333,,Scott.Avila@dodson-hunter.info,,15372 Carrillo Knoll,Port Johntown,Hawaii,19959,blue,TSNH-MUT
Sandra,Pham,Telecommunications researcher,Greer-Gilmore,(609) 586-6268,,Sandra.Pham@hudson-alexander.biz,,10626 Jason Route,West Luke,Alaska,19275,sand,TCD-T
Cheryl,Brown,Community development worker,Nguyen-Watkins,(898) 934-9624,,Cheryl.Brown@brown.com,,000 Katelyn Tunnel,Jenkinsview,South Dakota,93621,yellow,GLB
Grant,Porter,Financial adviser,Johnson and Sons,(208) 355-7143,,Grant.Porter@carrillo.com,,738 Crystal Unions,Reginashire,West Virginia,92931,blue,ADAH-
Erik,Brooks,Adult nurse,Chung-Scott,(871) 025-2672,,Erik.Brooks@allen.com,,08119 Julia Lake,Erinbury,North Carolina,47174,blue,TSNH-MUT
Becky,Miller,Outdoor activities/education manager,"Harris, Mason and Calhoun",(506) 611-0834,(567) 686-2284,Becky.Miller@curtis.com,,56336 Sophia Meadow,East Julie,South Carolina,57339,green,CFWA
Dylan,Schmidt,Sports development officer,Duncan-Gilbert,(548) 572-1939,(303) 339-9611,Dylan.Schmidt@roberts.com,,7472 Brooks Court,East Lisa,Connecticut,55361,green,ADAH-
Tara,Lewis,Passenger transport manager,Brown-Mccoy,(608) 439-0767,,Tara.Lewis@miller.com,Tara.Lewis@miller.com.smil.mil,0143 Edward Dale,Davisborough,Massachusetts,07151,green,ADAH-
Derrick,Davis,Fish farm manager,Wall-Brown,(270) 482-1746,(632) 736-6819,Derrick.Davis@clark-duncan.biz,,616 Kramer Views,New Karenside,North Dakota,58605,aqua,ADAH-
Erica,Fox,Chiropodist,Copeland-Bennett,(894) 951-7204,,Erica.Fox@parker.com,,083 Powell Circle,East Hailey,Georgia,98421,yellow,CFWA
Amber,Robinson,Mining engineer,Myers Ltd,(978) 379-6896,,Amber.Robinson@martinez.net,,87009 Kayla Squares,South Marissaberg,Utah,54720,blue,GO-LW
Jake,Campos,Health service manager,Velasquez-Camacho,(486) 667-6811,,Jake.Campos@hancock.com,,266 Dalton Hollow,Port Ashley,Arkansas,45233,red,CFWA
Cameron,Cross,"Surveyor, commercial/residential",Clark-Phillips,(258) 755-1617,,Cameron.Cross@thompson-mccoy.com,Cameron.Cross@thompson-mccoy.com.smil.mil,453 Brown Stream,Anthonybury,Connecticut,40193,teal,LWT-BRWC
Michael,Holt,Toxicologist,Cruz Ltd,(226) 316-5213,,Michael.Holt@parker.com,,63503 Susan Meadow,Lisaside,California,25584,teal,ADAH-
Allison,Montgomery,Information officer,Miller PLC,(047) 717-9288,,Allison.Montgomery@nelson.com,,290 Mary Stravenue,North Stevenport,California,22023,sand,CFWA
Miguel,Cox,Professor Emeritus,Gomez and Sons,(982) 440-4370,,Miguel.Cox@johnson.com,,025 Kendra Rest,Wilsonside,Pennsylvania,79556,green,CFWA
Daryl,Garcia,Estate agent,Ramos-Turner,(315) 084-1506,,Daryl.Garcia@kennedy.biz,,22576 Casey Islands,Lake Darrell,Michigan,78833,aqua,LWT-BRWC
Mandy,White,"Designer, ceramics/pottery",Gomez-Smith,(097) 330-1521,(617) 904-1476,Mandy.White@johnson.com,,4638 Scott Park,South Jonathanshire,Hawaii,62272,aqua,TCD-T
Shannon,Williams,Emergency planning/management officer,Hall LLC,(719) 131-4165,,Shannon.Williams@murphy.net,Shannon.Williams@murphy.net.smil.mil,34364 Brenda Mills,Jamesbury,Pennsylvania,53778,aqua,LWT-BRWC
David,Larson,"Engineer, automotive",Walton-Lowery,(532) 066-6329,(760) 118-7996,David.Larson@moses.com,,75590 Michael Mill,North Robert,Massachusetts,40694,sand,TCD-T
Shannon,Marsh,Financial adviser,"Stewart, Wyatt and Harrison",(793) 021-4357,,Shannon.Marsh@lee.org,Shannon.Marsh@lee.org.smil.mil,9608 William Square,Stevenmouth,Wisconsin,70527,yellow,TSNH-MUT
Jessica,Jackson,Corporate investment banker,Johnson Inc,(661) 674-9231,,Jessica.Jackson@fox.org,,869 Edwards Turnpike,Turnerside,Michigan,08185,sand,LWT-BRWC
Carol,Williams,Chief Strategy Officer,"Johnson, Ortega and Fisher",(504) 102-1544,,Carol.Williams@bender.com,,05863 Jose Locks,North Jenniferhaven,Texas,49634,aqua,TSNH-MUT
Dalton,Osborne,Educational psychologist,"Wilson, Simmons and Schmidt",(577) 258-3722,,Dalton.Osborne@avery.com,,6320 Rodriguez Ways,Melissamouth,Missouri,27627,red,LWT-BRWC
Caroline,Zimmerman,Location manager,Carroll-Davis,(716) 930-6385,(809) 626-3060,Caroline.Zimmerman@skinner.com,,483 Jordan Underpass,Draketown,New Mexico,35253,sand,ADAH-
Matthew,Perez,"Conservator, furniture","Cross, Warren and Rice",(451) 981-4772,(288) 174-9238,Matthew.Perez@moore-johnson.com,Matthew.Perez@moore-johnson.com.smil.mil,3630 Mills Pass,Bridgesfurt,Arkansas,92005,red,TSNH-MUT
Mitchell,Oneal,"Journalist, broadcasting",Johnson-Bowman,(276) 541-7164,,Mitchell.Oneal@turner-bell.com,Mitchell.Oneal@turner-bell.com.smil.mil,2320 Li Cliffs,Lake Codymouth,Maine,29226,red,LWT-BRWC
Rebecca,Curtis,"Surveyor, minerals",Hernandez and Sons,(647) 551-3603,,Rebecca.Curtis@espinoza.com,,3487 Susan Mill,Lake Jennifer,Delaware,21442,green,ADAH-
Greg,Moon,"Engineer, civil (consulting)",Kennedy-Edwards,(575) 145-6163,,Greg.Moon@chavez.com,,9275 Stephanie Square,Lake Jessicabury,North Carolina,32297,blue,TCD-T
Jonathan,Gonzalez,Accounting technician,Thomas-Benjamin,(839) 778-3033,,Jonathan.Gonzalez@harvey.net,,447 Barbara Mount,Matthewchester,Washington,20170,aqua,CFWA
Nicole,Anderson,Chiropractor,Powell-Ray,(641) 989-4937,(991) 579-6388,Nicole.Anderson@chavez.com,,76395 Mason Divide,East Alex,Delaware,21495,yellow,CFWA
Troy,Rios,"Administrator, education",Garner-Owens,(745) 244-4722,,Troy.Rios@bryant.org,Troy.Rios@bryant.org.smil.mil,153 Joshua Mount,Barnesbury,Florida,60549,teal,GO-LW
Cynthia,Cook,Comptroller,Bailey-Peters,(660) 954-6190,(171) 657-1910,Cynthia.Cook@phillips.net,,4859 Williams Mountains,Port Ronaldview,North Carolina,52651,teal,TCD-T
Jackson,Williams,Police officer,"Douglas, Garner and Herrera",(375) 585-5564,,Jackson.Williams@durham-noble.com,Jackson.Williams@durham-noble.com.smil.mil,6565 Bradley View,New Brad,Michigan,48774,blue,LWT-BRWC
Joseph,Hull,Lexicographer,Henderson PLC,(608) 314-4429,(077) 707-4952,Joseph.Hull@smith.org,,188 Carla Flats,South Larry,Wisconsin,10693,aqua,LWT-BRWC
Matthew,Brown,Video editor,Wilson Inc,(496) 418-3949,,Matthew.Brown@patrick-mitchell.biz,,6906 Melvin Underpass,Lake Martha,Minnesota,77731,teal,ADAH-
Gerald,Knight,Forensic psychologist,Nguyen LLC,(753) 805-1133,,Gerald.Knight@castaneda.info,Gerald.Knight@castaneda.info.smil.mil,822 David Plaza,Wrightland,Arkansas,20480,red,GO-LW
Dennis,Stephenson,Trade mark attorney,Ayers-Alexander,(148) 842-5102,(999) 808-7097,Dennis.Stephenson@hansen.biz,Dennis.Stephenson@hansen.biz.smil.mil,17605 Aguirre Square,New Edward,Utah,71242,aqua,ADAH-
Christine,Evans,Building services engineer,Christian LLC,(982) 767-1920,,Christine.Evans@brown-trevino.com,,980 Whitney Mountain,South Kim,West Virginia,46741,blue,TSNH-MUT
Mariah,Webster,Geoscientist,Garcia and Sons,(206) 052-8004,,Mariah.Webster@glass.biz,,207 Mcdonald Club,Hoganmouth,Missouri,85602,sand,ADAH-
John,Bowers,Occupational therapist,"King, Brown and Cruz",(706) 613-8796,(571) 330-4891,John.Bowers@fisher.biz,,6241 Johnston Pass,Williamsfort,Montana,13145,green,TSNH-MUT
Thomas,Hobbs,Industrial/product designer,Hill and Sons,(531) 621-1806,,Thomas.Hobbs@garcia-harper.com,,10766 Pratt Lights,Dickersonside,New Hampshire,41735,green,GO-LW
Catherine,Murray,Event organiser,"Walker, White and Frazier",(741) 925-5434,(137) 789-1709,Catherine.Murray@daniel.info,,205 Leah Ville,Medinamouth,Hawaii,40375,teal,LWT-BRWC
Joshua,Powell,Fish farm manager,Pollard-Stanley,(829) 726-0932,,Joshua.Powell@roach.biz,,29926 Lauren Landing,Browntown,California,29412,blue,ADAH-
Sue,Woodward,Video editor,King Group,(315) 543-3706,,Sue.Woodward@singleton.com,,2383 Best Bypass,South Michellefort,Mississippi,51813,aqua,GO-LW
Vickie,Thomas,Best boy,"Long, Nguyen and Garcia",(210) 369-7133,,Vickie.Thomas@scott.com,,20398 Samuel Centers,New Travistown,New Jersey,27116,blue,TCD-T
Joseph,Collins,Data processing manager,Moore-Phillips,(401) 395-2661,,Joseph.Collins@martinez.com,,19306 Skinner Spring,Christophermouth,Vermont,40373,yellow,ADAH-
Angel,Butler,Educational psychologist,Rodriguez Inc,(693) 917-1884,(576) 292-8982,Angel.Butler@romero-hernandez.org,,63971 Copeland Street,Scottchester,North Carolina,52663,yellow,CFWA
Todd,Kennedy,Historic buildings inspector/conservation officer,"Morris, Gardner and Richardson",(837) 744-0219,,Todd.Kennedy@matthews-houston.com,Todd.Kennedy@matthews-houston.com.smil.mil,977 Finley Causeway,Lake Savannahfort,Alabama,31481,blue,GLB
Francisco,Hernandez,Insurance broker,"Nelson, Lynch and Gray",(386) 392-7456,,Francisco.Hernandez@maddox-woodard.com,,754 Morrison Land,New Courtney,Louisiana,94970,teal,TSNH-MUT
Kimberly,Holmes,Clinical biochemist,"Holder, Hernandez and Velazquez",(178) 613-3363,(088) 947-1450,Kimberly.Holmes@fisher-caldwell.info,Kimberly.Holmes@fisher-caldwell.info.smil.mil,5071 Vance Viaduct,New Thomas,Tennessee,15835,blue,CFWA
Jeanette,Sanchez,Occupational hygienist,Lindsey-Dougherty,(447) 582-5889,,Jeanette.Sanchez@simmons.com,,5741 Cynthia Walks,Alanchester,Iowa,06406,red,GO-LW
Stephanie,Thomas,Field seismologist,"Smith, Park and Williams",(404) 242-0861,(207) 896-4295,Stephanie.Thomas@rivera.info,,134 Karen Groves,Lake Michael,Mississippi,20041,green,TSNH-MUT
Robert,Byrd,Clinical psychologist,Burns-Simpson,(241) 811-9003,(780) 170-4207,Robert.Byrd@rich-jones.com,,1609 Gillespie Shoals,East Gregory,Virginia,88101,aqua,TSNH-MUT
Lori,Santiago,Barista,Jackson Inc,(855) 721-3527,,Lori.Santiago@garrett-houston.com,,3609 Thornton Fords,Marystad,Mississippi,80936,blue,TCD-T
Tammy,Black,Diplomatic Services operational officer,"Gill, Watkins and Sloan",(183) 846-8437,,Tammy.Black@porter-ray.net,Tammy.Black@porter-ray.net.smil.mil,92987 Shelton Station,Garciaville,Michigan,73162,aqua,TCD-T
Rebecca,Cain,"Research officer, political party","Rodriguez, Wilson and Bailey",(668) 114-6509,(367) 958-0366,Rebecca.Cain@archer.org,,3980 Heather Hill,Port Kevintown,Minnesota,62649,sand,GO-LW
Christopher,Fisher,Fitness centre manager,Harrison-Rivas,(462) 039-1142,,Christopher.Fisher@mann.com,Christopher.Fisher@mann.com.smil.mil,25289 Michael Curve,South Joshua,Wisconsin,66901,red,TSNH-MUT
Lawrence,Baldwin,"Scientist, research (maths)",Jenkins Group,(363) 474-5020,,Lawrence.Baldwin@sanders-gutierrez.biz,,81321 Wright Mountain,Port Theresaland,Vermont,44209,teal,LWT-BRWC
Teresa,Bell,Graphic designer,"Smith, Nguyen and Thompson",(686) 428-5953,,Teresa.Bell@burgess.info,,114 Barry Fort,Lake Jennifer,Nevada,54565,sand,TCD-T
Thomas,Sherman,Site engineer,Ferguson-Mcdaniel,(019) 234-2551,(730) 470-6226,Thomas.Sherman@hamilton.com,,075 Gregory Greens,Johnside,Maine,48006,blue,TCD-T
James,Rich,Archivist,Jones LLC,(039) 847-5230,,James.Rich@kramer.com,,258 Petersen Prairie,South Vincent,Oregon,96853,yellow,CFWA
Sandra,Wilson,Water quality scientist,"Tucker, Ward and Phillips",(796) 020-5995,(066) 027-4919,Sandra.Wilson@lawson.com,,990 Maria Stravenue,New Joseport,Colorado,51945,yellow,LWT-BRWC
John,Summers,"Administrator, sports",Summers Group,(469) 938-7381,,John.Summers@nunez.com,,2380 Russell Mill,North Jennifertown,Mississippi,74856,yellow,ADAH-
Monique,Robbins,"Runner, broadcasting/film/video","Cervantes, Clark and Hayden",(929) 355-8264,(398) 100-7736,Monique.Robbins@santos-manning.com,,6245 Audrey Knolls,Port Vickieberg,Delaware,15276,green,GO-LW
Patrick,Williams,Health and safety adviser,Clark and Sons,(766) 450-7861,,Patrick.Williams@dean.org,Patrick.Williams@dean.org.smil.mil,49275 Lynn Springs,Dillonview,Oregon,11800,yellow,GLB
William,Glover,"Designer, exhibition/display",Henson-Church,(155) 852-9138,,William.Glover@torres-coleman.biz,,67484 Nicholas Motorway,South Stevenmouth,New York,65466,green,GO-LW
Jack,Holmes,Operations geologist,"Harris, Daniels and Herring",(053) 048-0130,,Jack.Holmes@obrien-wood.com,Jack.Holmes@obrien-wood.com.smil.mil,16758 Forbes Creek,Peterburgh,Georgia,81424,blue,TSNH-MUT
Rebecca,Kirk,"Scientist, product/process development",Nelson-Williams,(409) 598-5542,,Rebecca.Kirk@vazquez-vance.net,,2397 Daryl Isle,Amandamouth,Rhode Island,07242,yellow,GO-LW
Laura,Wilson,"Engineer, energy",Jones and Sons,(305) 734-6769,,Laura.Wilson@wilson.com,,241 Carr Mountains,Janetown,Wyoming,83477,red,LWT-BRWC
Carmen,Stevens,"Designer, industrial/product","Wells, Turner and Sanchez",(726) 330-4489,(647) 751-8217,Carmen.Stevens@fisher-bishop.com,Carmen.Stevens@fisher-bishop.com.smil.mil,895 Newman Parks,Lake Meganhaven,Alabama,51054,yellow,ADAH-
Christy,Hughes,"Engineer, manufacturing",Caldwell-Harris,(287) 282-6141,,Christy.Hughes@kaufman-snyder.net,Christy.Hughes@kaufman-snyder.net.smil.mil,632 Bowen Vista,Erinmouth,Kentucky,89612,yellow,GO-LW
James,Pugh,Toxicologist,"Moore, Stokes and Wilcox",(052) 272-9146,(280) 382-1909,James.Pugh@perry-mckee.com,,16790 Hartman Ridge,East Thomasfort,Maine,34019,aqua,TSNH-MUT
Robyn,Robinson,Plant breeder/geneticist,Smith-Rodriguez,(616) 932-9911,(619) 043-9627,Robyn.Robinson@montoya.com,,7156 Meyers Way,New Richard,New Hampshire,43107,yellow,ADAH-
Kelsey,Rivera,Water quality scientist,Davis-Lewis,(820) 680-7358,,Kelsey.Rivera@lambert-lopez.com,Kelsey.Rivera@lambert-lopez.com.smil.mil,6686 Sarah Street,Karenstad,Nebraska,60985,yellow,GLB
Nancy,Thomas,"Librarian, academic",Sullivan Group,(181) 105-6950,,Nancy.Thomas@young.com,,870 Cooke Bypass,East Tom,Connecticut,46695,green,LWT-BRWC
Donna,Johnson,Customer service manager,Bishop-Carr,(607) 193-6118,,Donna.Johnson@cherry.info,,666 Ivan Falls,South Beckyland,Ohio,57381,yellow,TSNH-MUT
Katie,Cannon,Community arts worker,Gay Inc,(656) 879-8548,,Katie.Cannon@owens.com,,83441 Alexis Causeway,West Yvonnetown,Delaware,19357,red,GLB
Leah,Haynes,Public relations account executive,Russell-Tanner,(807) 428-7473,,Leah.Haynes@west.com,,645 Kevin Burgs,West Lindseytown,Wyoming,07520,teal,CFWA
Troy,Shepard,Records manager,Davis-Martin,(480) 489-7314,,Troy.Shepard@mullen.info,,8556 Christopher Walk,Baileyhaven,Oregon,91058,yellow,TCD-T
Mary,Smith,Adult nurse,Hansen-Sosa,(158) 024-8043,,Mary.Smith@soto.net,Mary.Smith@soto.net.smil.mil,15157 Cook Park,West Cherylmouth,South Dakota,75995,yellow,ADAH-
Thomas,Mendez,"Therapist, drama",Beard Ltd,(806) 271-7603,,Thomas.Mendez@carey-simmons.com,,44571 Lindsay Skyway,Davidhaven,Connecticut,55420,yellow,GO-LW
Bruce,Myers,Clinical molecular geneticist,Lawrence PLC,(346) 625-2219,(836) 865-4384,Bruce.Myers@perkins.com,,67564 James Mews,East Christopher,Colorado,35405,blue,LWT-BRWC
Gregory,Atkinson,IT sales professional,"Summers, Garza and Mcgee",(168) 380-2963,,Gregory.Atkinson@smith.biz,Gregory.Atkinson@smith.biz.smil.mil,811 Knapp Walk,Lisamouth,Wyoming,10191,blue,CFWA
Ashley,Mathis,"Engineer, mining","Gonzalez, Howe and Williams",(442) 471-2420,,Ashley.Mathis@snow.com,,6670 Robert Trail,Joelhaven,Idaho,51913,aqua,LWT-BRWC
Jonathan,Jones,"Scientist, product/process development",Ruiz Inc,(297) 226-8293,,Jonathan.Jones@sanford.com,,89866 Jason Mission,Lake Tracy,Arizona,67419,yellow,CFWA
Tina,Boyd,Waste management officer,"Donaldson, Young and Maldonado",(190) 953-1757,,Tina.Boyd@black.com,,633 Noble Station,New Wendyshire,Massachusetts,88089,sand,LWT-BRWC
Lisa,Miles,Agricultural engineer,Summers-Sutton,(879) 546-1815,,Lisa.Miles@palmer-mullins.com,Lisa.Miles@palmer-mullins.com.smil.mil,1764 Gonzalez Drive,East Kaitlynbury,New York,74653,sand,LWT-BRWC
Justin,Sanford,"Pilot, airline","Haney, Freeman and Ramos",(015) 355-6282,(607) 603-7563,Justin.Sanford@vega.net,,576 Glover Crossing,Port Courtney,Texas,21113,aqua,GLB
Robert,Powell,"Administrator, Civil Service",Carey-Evans,(772) 284-3197,(546) 671-3966,Robert.Powell@lewis.com,,954 Evans Squares,North Brandonburgh,Arizona,21786,sand,GO-LW
Vanessa,Wells,Glass blower/designer,"Woodard, Burns and Henderson",(372) 818-3610,,Vanessa.Wells@clark-rodriguez.com,,20121 Patterson Overpass,South Laurenstad,Pennsylvania,98222,sand,TCD-T
